id,comment,score,polarity,created_at,updated_at
1,"จารครับขอให้พูดเรืองอื่นน้อยหน่อยครับ ตอนหนึ่งจารคุยสไลย์หนึงเป็น2ชัวโมงครับ",0,neutral,"2024-07-31 15:40:41","2024-07-31 15:40:41"
2,ขอบคุณครับ,75,positive,"2024-07-31 15:40:41","2024-07-31 15:40:41"
3,สอนไวเกินครับ,999,negative,"2024-07-31 15:40:41","2024-07-31 15:40:41"
4,เป็นวิชาที่เสียงอาจารย์กล่อมให้หลับได้ง่ายๆเพราะเน้นทฤษฎีและพื้นฐานความเข้าใจของนักศึกษาเลยอยากให้มีสิ่งที่มาช่วยดึงความสนใจหรือทดลองแบบทดสอบเล็กๆน้อยๆคับ,0,neutral,"2024-07-31 15:40:41","2024-07-31 15:40:41"
5,สอนเร็วไปค่ะ,999,negative,"2024-07-31 15:40:41","2024-07-31 15:40:41"
6,สอนเร็วมาก,999,negative,"2024-07-31 15:40:41","2024-07-31 15:40:41"
7,"อาจารย์เก่งจริงอันนี้ยอมรับ แต่แค่เราไม่สามารถตามความเก่งของอาจารย์ได้เบย ขอโทษด้วยครับ/ค่ะ",80,positive,"2024-07-31 15:40:41","2024-07-31 15:40:41"
8,"บอกว่าข้อเขียนล้วนก่อนสอบตื่นเต้นดีครับ แต่ไม่อยากตื่นเต้นอีกแล้ว",92.31,positive,"2024-07-31 15:40:41","2024-07-31 15:40:41"
9,"คาดหวังให้มันจบทุก Layer จริงๆ นะจารย์ 555+
อย่างที่อาจารย์เคยพูด ผมว่ามันโอเครที่จะลองสอนแบบ ไม่ต้องรอมากขนาดนั้นก็ได้ เนื้อหามันสนุกมากครับ อยากเรียนให้จบครบจริงๆ คือพวกผม Sec 3 เก่าตอนปี 1 จะมีคนติวหลักของวิชาอาจารย์โดยเฉพาะอยู่แล้ว อารมณ์แบบนักศึกษาแพทย์นั่งอ่านช่วยเหลือกันก่อนสอบเนื้อหาเดี๋ยวให้เป็นหน้าที่พวกผมสอนๆ กันเอง ก็ได้ครับ รุ่นน้องรุ่นนี้ก็มีบางส่วนทักรุ่นพวกผมอยู่หลายคน น้องเค้าไม่เข้าใจตรงไหนเค้าทักมาตลอดครับ ผมว่ามันทำได้ น่าจะมีช่องทางติดต่ออาจารย์ทางไลน์ก็ดีนะครับ คือว่า ผมค่อนข้างจะเสียเวลาทำความเข้าใจเนื้อหาบางส่วนเอง ถ้าถามตรงๆ อาจจะทำเนื้อหาต่างๆ ทันก่อนสอบ",87.67,positive,"2024-07-31 15:40:41","2024-07-31 15:40:41"
10,"จารย์สอนดีแล้วค่ะ ทำให้เนื้อหาส่วนใหญ่เข้าใจง่ายขี้น ตอนอธิบายเพิ่มอาจารย์ลองเขียนใส่สักอย่างที่ทั้งห้องจะเห็นชัดไหมค่ะ",85.71,positive,"2024-07-31 15:40:41","2024-07-31 15:40:41"
11,ขอคะแนนจากลมฟ้าอากาศกลับคืนมา,0,neutral,"2024-07-31 15:40:41","2024-07-31 15:40:41"
12,"สอนดีนะครับ หมายถึงว่าผู้สอนเข้าใจเนื้อหาในการสอนทั้งหมด แต่สอนได้ไวมากครับ ช่วยลดความเร็วลงหน่อยก็ดีนะครับ",999,negative,"2024-07-31 15:40:41","2024-07-31 15:40:41"
13,"สอน lap เร็วเกินไปครับ",999,negative,"2024-07-31 15:40:41","2024-07-31 15:40:41"
14,"ปัญหาเพื่อนๆ ไม่ได้อยู่ที่เนื้อหาแลป ปัญหาอยู่ที่เพื่อนๆผม พิมพ์กันช้าครับ เลยไม่ทันเนื้อหาแลปกันเยอะ เลยปล่อยวิชานี้กัน ลองพิมพ์คำสั่งนึงแล้วหยุดสักนิดนึงอธิบายหน่อยว่าผลที่ควรจะออกมาเป็นอะไรแล้วค่อยกด Enter เพื่อโชว์ผลลัพธ์ก็ได้ครับ เปิดแชร์จอก็ดีครับบางคนมองไม่เห็นอันนี้ก็ปัญหาหลัก 
โดยรวมถือว่าดีมากครับขอโทดแทนเพื่อนผมด้วยนะครับ 555+ ปลายทาง = Destiny โชคชะตา อยู่คนละห้องกันแต่เพื่อนมาเล่าหลายๆ อย่างให้ฟังครับ",95.05,negative,"2024-07-31 15:40:41","2024-07-31 15:40:41"
15,"อาจารย์สอนดีมากครับ แต่วิชายากมาครับ",62.5,positive,"2024-07-31 15:40:41","2024-07-31 15:40:41"
16,ช่วยทำโครงงานจนเสร็จได้ครับ,66.67,negative,"2024-07-31 15:40:41","2024-07-31 15:40:41"
17,"ทุกอย่าง Perfect",0,neutral,"2024-07-31 15:40:41","2024-07-31 15:40:41"
18,อยากให้ตอนปฎิบัติลดความเร็วลงหน่อยครับพิมพ์ตามไม่ค่อยจะทัน,999,negative,"2024-07-31 15:40:41","2024-07-31 15:40:41"
19,รบกวนครูยกตัวอย่างการเขียนโค้ดให้เข้าใจกว่านี้นิดนึงครับ,66.67,positive,"2024-07-31 15:40:41","2024-07-31 15:40:41"
20,ไม่ค่อยเข้าใจเรื่องที่เรียนเท่าไหร่เลยค่ะ,75,negative,"2024-07-31 15:40:41","2024-07-31 15:40:41"
21,โดยรวมอาจารย์ผู้สอนมีการเรียนการสอนอยู่ในระดับเกณฑ์ที่ดีค่อนข้างพึงพอใจในการเรียนการสอนครับ,75,positive,"2024-07-31 15:40:41","2024-07-31 15:40:41"
22,สอนเร็วค่ะ,999,negative,"2024-07-31 15:40:41","2024-07-31 15:40:41"
23,สอนเร็วไปนิดครับ,999,negative,"2024-07-31 15:40:41","2024-07-31 15:40:41"
24,"อาจารย์สอนดีนะคะ แต่ถ้ามีตัวอย่างให้ดูเยอะๆ และแบบฝึกที่มีโจทย์หลากหลายให้นักศึกษาลองทำจะดีมากๆค่ะ ถ้าได้คอมที่เร็วแรงกว่านี้จะดีมากๆๆเลยค่ะ",999,negative,"2024-07-31 15:40:41","2024-07-31 15:40:41"
25,"อาจารย์ใจดีมากๆเลยค่ะ ไม่เข้าใจตรงไหนถามได้หมด ตอบไลน์ไวมากๆ ปรึกษาได้ตลอด",999,negative,"2024-07-31 15:40:41","2024-07-31 15:40:41"
26,"สอนใช้พวก Mongo DB ด้วยก็ดีครับ",66.67,positive,"2024-07-31 15:40:41","2024-07-31 15:40:41"
27,ผ่านครับ,0,neutral,"2024-07-31 15:40:41","2024-07-31 15:40:41"
28,"อยากให้โปรเจคจบเพิ่มความยากหน่อยครับ จะได้ให้เหมือนซ้อมทำโปรเจคใหญ่ต้องซื้อของนั่นนี่นู้น รวมกลุ่มกันทำ 4 คนแบบจริงจัง อยากได้ภายแบบนี้มากครับ
เห็นเพื่อนมหาลัยอื่นเล่ามาดูน่าสนุกมากครับ",80,positive,"2024-07-31 15:40:41","2024-07-31 15:40:41"
29,"เรียนออนไลน์ สัปดาห์แรกๆที่มีคลิปที่ อาจาร์ยอัดไว้แล้ว ให้นักศึกษาไปนั่งดูเอง แล้ว อาจาร์ยนัดมาทำควิช ผมรู้สึกว่ามันดีกว่า",999,negative,"2024-07-31 15:40:41","2024-07-31 15:40:41"
30,"อาจารย์บางทีปล่อยช้า เนื้อหาที่สอน บางตัวไม่ได้ใช้ และ เวลาการสอนหลายๆบทเรียนไม่ทัน แต่รวมๆดีครับ ได้สนุกกับการเขียนเว็บมากๆ",66.67,negative,"2024-07-31 15:40:41","2024-07-31 15:40:41"
31,เนื้อหาเยอะดีค่ะแต่ตามไม่ทัน,0,neutral,"2024-07-31 15:40:41","2024-07-31 15:40:41"
32,"การเรียนการสอนดีมาก สอนได้เข้าใจและปฏิบัติตามได้ดี แต่ไม่ควรขึ้นเสียงใส่นักศึกษาในขณะที่นักศึกษาพูดจาดีๆด้วย การกระทำตุบโต๊ะและตะหวาดเสียงใส่นักศึกษาต่อหน้าทุกคนมันเป็นการกระทำที่ก่อให้เกิดความอับอาย เพราะไม่ใช่นักศึกษาทุกคนที่จะชอบด้านคอมพิวเตอร์หรือมีความรู้ด้านคอมพิวเตอร์ ควรจะใจเย็นและพูดจากับนักศึกษาให้ดีกว่านี้ การกระทำในวันนั้นมันทำให้นักศึกษาฝังใจและไม่อยากเรียนวิชาที่เกี่ยวกับคอมพิวเตอร์อีกเลย",99.59,positive,"2024-07-31 15:40:41","2024-07-31 15:40:41"
33,"อาจารย์มีการสอนไปด้วย และแทรกอารมณ์ขันเข้าไปด้วยเพื่อไม่ให้นักศึกษาเครียดเกินไป
และการเรียนการสอนในแต่ละอาทิตย์จะมีใบระบุเป็นกิจลักษณะชัดเจน",60,negative,"2024-07-31 15:40:41","2024-07-31 15:40:41"
34,"บางทีอาจารย์สอนเร็วไปหน่อยค่ะ แต่โดยรวมแล้วอาจารย์สอนเข้าใจได้ง่าย ขอบคุณค่ะ :)",999,negative,"2024-07-31 15:40:41","2024-07-31 15:40:41"
35,"ตอนสอบเราต้องการสมาธิมากๆค่ะ แต่ตลอดการสอบอาจารจะพูดคุยหรือบางครั้งก็ขำคิกคักตลอดค่ะ จริงๆอาจารคุยได้นะคะแต่ปิดไมค์เถอะค่ะ เด็กไม่มีสมาธิ เวลาให้ทำข้อสอบก็น้อย อาจารยังพูดเสียงดังอีกค่ะ การเรียนการสอนดีมากแล้ว ติดแค่ตรงนี้ค่ะ",83.33,positive,"2024-07-31 15:40:41","2024-07-31 15:40:41"
36,"อยากให้อุปกรใน มหาวิทยาลัย ดีกว่านี้",75,positive,"2024-07-31 15:40:41","2024-07-31 15:40:41"
37,"อาจารย์ใจดี ช่วยสอนนศ.ถ้านศไม่เข้าใจในห้อง",60,negative,"2024-07-31 15:40:41","2024-07-31 15:40:41"
38,สอนไวไป,999,negative,"2024-07-31 15:40:41","2024-07-31 15:40:41"
39,"อาจารย์สอนเข้าใจให้งานไวแล้วก็พูดดีมากๆด้วยค่ะ เนื้อหาครบ แต่อยากให้อาจารย์พูดลดความเร็วตอนสอนลงนิดนึงค่ะ ขอบคุณค่ะอาจารย์สำหรับเทอมนี้ ขอ A ทีนะคะ",999,negative,"2024-07-31 15:40:41","2024-07-31 15:40:41"
40,ครูผู้สอนใจดีมากไม่เข้าใจตรงไหนถามได้ตลอด,60,negative,"2024-07-31 15:40:41","2024-07-31 15:40:41"
41,"อาจารย์สอนเข้าใจดีค่ะ แต่อาจารย์พูดเร็วเกิน รอนักศึกษาก่อน555",999,negative,"2024-07-31 15:40:41","2024-07-31 15:40:41"
42,"สอนเข้าใจง่าย แสอนเข้าใจง่าย แต่เวลาออกข้อสอบยากมากมากคะ อยากให้อาจารย์ออกง่ายกว่านี้นิดหนึ่ง #อาจารย์น่ารัก",91.43,positive,"2024-07-31 15:40:41","2024-07-31 15:40:41"
43,อยากให้อาจารย์รับความคิดเห็นของนักศึกษาบ้างค่ะ,0,neutral,"2024-07-31 15:40:41","2024-07-31 15:40:41"
44,"แอร์ที่ห้องเรียนร้อนทุกสัปดาห์ อยากให้ปรับปรุง",0,neutral,"2024-07-31 15:40:41","2024-07-31 15:40:41"
45,อาจารย์ควรมีไมค์นะคะ,0,neutral,"2024-07-31 15:40:41","2024-07-31 15:40:41"
46,"อาจารย์ใจดีคะ ถ้าใครไม่เข้าใจอาจารย์ก็จะอธิบายให้เข้าใจมากขึ้น มีแบบฝึกหัดมากให้ทำเสมอ มีสื่อประกอบการเรียนเสมอ ได้ทำแบบฝึกหัดตามอาจารย์ไปพร้อมกันซึ่งสามารถนำไปใช้ในชีวิตประจำวันได้ด้วยคะ",57.14,positive,"2024-07-31 15:40:41","2024-07-31 15:40:41"
47,แอร์ร้อนมากกก,0,neutral,"2024-07-31 15:40:41","2024-07-31 15:40:41"
48,อาจารย์สอนบางทีไม่ค่อยเข้าใจคะอาจารย์ชอบพูดไวตามไม่ค่อยทันคะ,999,negative,"2024-07-31 15:40:41","2024-07-31 15:40:41"
49,สอนเร็วไป,999,negative,"2024-07-31 15:40:41","2024-07-31 15:40:41"
50,อาจารย์สอนดีแต่สอนไวไปในบางที,999,negative,"2024-07-31 15:40:41","2024-07-31 15:40:41"
51,อยากให้อาจารย์ออกสูตรเกี่ยวกับข้อเขียนลดลงหน่อยค่ะ,66.67,negative,"2024-07-31 15:40:41","2024-07-31 15:40:41"
52,ส่งงานย้อนหลังไม่ได้ค่ะ,0,neutral,"2024-07-31 15:40:41","2024-07-31 15:40:41"
53,"อาจารย์ทำการสอนดีเข้าใจง่ายแต่เนื้อหาอาจมีเยอะยากที่จะสรุปไปบ้าง แต่ก็ถูกแทนด้วยความใจดีและให้โอกาสนักศึกษาได้ลองผิดถูกก่อนการวัดปลจริงมีแบบทดสอบต่างๆที่พัฒนาการช่วยจำได้ดีและยังน่าสนใจคับ",99.08,positive,"2024-07-31 15:40:41","2024-07-31 15:40:41"
54,สอนทีเหมือนอาจารย์กำลังแร็ปเหมือนไม่ได้มาเรียนเหมือนมาดูเดอะแร็ปเปอร์แต่อาจารย์ก้สอนดีค่ะอาจารย์ให้โอกาสเสมอ,85.71,positive,"2024-07-31 15:40:41","2024-07-31 15:40:41"
55,"อาจารย์สอนดีมากๆเลยค่ะ พอไม่เข้าใจก็จะย้ำจนกว่าจะจำได้",0,neutral,"2024-07-31 15:40:42","2024-07-31 15:40:42"
56,เมตตาหนูหน่อยนะคะ,66.67,positive,"2024-07-31 15:40:42","2024-07-31 15:40:42"
57,ดีดีดีดี,0,neutral,"2024-07-31 15:40:42","2024-07-31 15:40:42"
58,"แรกๆงง หลังๆตื่นเต้่นครับ",66.67,negative,"2024-07-31 15:40:42","2024-07-31 15:40:42"
59,ดีย์,0,neutral,"2024-07-31 15:40:42","2024-07-31 15:40:42"
60,"ตรรกะการสอนของอาจารย์ และ วิธีการสอนของอาจารย์ค่อนข้างดีเลย แต่หนูขอฝากบางอย่างไว้นิดนึงในบางทีการที่เด็กเรียนกับอ.คนนั้นคนนี้มาแล้วก็ไม่ได้ความว่าเด็กจะเข้าใจที่อ.คนนั้นนี่สอน เหมือนกับวิชาเอง บางทีหนูอยากให้อาจารย์ลองมองภาพรวมของเด็กบ้างว่า1ใน10มีคนทำวิชาอาจารย์ได้ดีมากแค่ไหนแล้วอยากให้อาจารย์ลองมองย้อนกลับมาดูการสอนของตัวเองสักนิดว่าถ้าเด็ก30กว่าคนมีเข้าใจอยู่10กว่า แบ้ว20กว่าคนที่ไม่เข้าใจอาจารย์จะปบ่อยไปเลยหรือ ที่เหงืออีก20คนมันต้องทีสัก10คนที่พยายามตั้งใจ แต่ก็ไม่เข้าใจอยู่ดี หนูอยากให้อาจารย์ลองปรับเปลี่ยนหรือหาวิธีการสอนเพื่อให้เด็กจำแค่สอบผ่าน แต่ว่าให้เด็ก จำสอบผ่านแบะเข้าใจจริงๆ หนูไม่รู้การประเมินตรงนี้อาจารย์จะได้อ่านมั้ยหรือมีผลต่อคะแนนหรือเปล่า แต่คือความคิดเห็นส่วนตัวหนูค่ะ",999,negative,"2024-07-31 15:40:42","2024-07-31 15:40:42"
61,"ผมชอบที่น.ศ.สามารถเลือกการเก็บคะเเนนได้ เเต่อยากให้เพิ่มตัวเลือกสำหรับคะแนนถามตอบที่นอกเหนือจากการสอบ เพราะการถามตอบอาจทำให้น.ศ.บางส่วนรู้สึกเครียดเเละกดดันซึ่งส่งผลต่อการเรียนรู้ โดยส่วนตัวผมมองว่าอาจารย์สอนได้ดีเเละมีการออกเเบบ รูปเเบบการเก็บคะเเนนที่ดีครับ

ขอบคุณครับ",90,positive,"2024-07-31 15:40:42","2024-07-31 15:40:42"
62,"ขอบคุณที่สอนวิชาโหดขนาดนี้ ผ่านร้อนผ่านหนาวมาได้ด้วยประสบการณ์ทะเลาะกันในกลุ่มจนเกือบแตกหัก555 แต่รวมสนุกมากคับเป็นวิชาที่ทำให้ตัวเองรู้สึกมีประโยชน์กับเพื่อนๆและเก่งนะเนี่ยเรา",0,neutral,"2024-07-31 15:40:42","2024-07-31 15:40:42"
63,"ขอบคุณที่สอนวิชาโหดขนาดนี้ ผ่านร้อนผ่านหนาวมาได้ด้วยประสบการณ์ทะเลาะกันในกลุ่มจนเกือบแตกหัก555 แต่รวมสนุกมากคับเป็นวิชาที่ทำให้ตัวเองรู้สึกมีประโยชน์กับเพื่อนๆและเก่งนะเนี่ยเรา",0,neutral,"2024-07-31 15:40:42","2024-07-31 15:40:42"
64,"สอนเร็วมาก ตามไม่ทัน",999,negative,"2024-07-31 15:40:42","2024-07-31 15:40:42"
65,"คอมค้างบ่อย ช่วยปรับปรุงและพัฒนาให้คอมพิวเตอร์ดีขึ้นหน่อยครับ",60,positive,"2024-07-31 15:40:42","2024-07-31 15:40:42"
66,"อยากให้เข้าถึงกับศึกษาทุกคน สามารถปรึกษาได้ตลอดเวลา",0,neutral,"2024-07-31 15:40:42","2024-07-31 15:40:42"
67,อาจารย์เป็นคนที่มีสกิลในการเขียนเทพมากคร้า,66.67,positive,"2024-07-31 15:40:42","2024-07-31 15:40:42"
68,"อาจาร์ยสอนดีมาก แต่สอนเร็วไปหน่อย แต่ไปถามนอกรอบอาจาร์ยก็อธิบายได้เข้าใจ",999,negative,"2024-07-31 15:40:42","2024-07-31 15:40:42"
69,อาจารย์สอนเร็วไปจนตามไม่ค่อยทันครับ,999,negative,"2024-07-31 15:40:42","2024-07-31 15:40:42"
70,ช่วยอธิบายเนื้อหาอย่างละเอียดให้เเก่นักศึกษารู้ถึงที่มาเกี่ยวกับเนื้อหานั้นๆ,0,neutral,"2024-07-31 15:40:42","2024-07-31 15:40:42"
71,อาจารย์สอนไวมากเลยคะ,999,negative,"2024-07-31 15:40:42","2024-07-31 15:40:42"
72,อ่านลายมืออาจารย์ไม่ค่อยออกครับ,0,neutral,"2024-07-31 15:40:42","2024-07-31 15:40:42"
73,อาจารย์สอนเร็วเกินไป,999,negative,"2024-07-31 15:40:42","2024-07-31 15:40:42"
74,งานเยอะ,0,neutral,"2024-07-31 15:40:42","2024-07-31 15:40:42"
75,"อย่าพยายามพูดนอกเหนือการสอนเยอะนะครับ นศ.บางคนเค้าไม่ได้อยากรับรู้นะครับจารย์ กราบเรียนมาเพื่อแนะนำ ไม่ได้ว่าหรือถือโกรธ ถือว่าผมแนะนำ",0,neutral,"2024-07-31 15:40:42","2024-07-31 15:40:42"
76,"สอนเข้าใจดี แต่สอนเร็วไป นักศึกษาบางคนตามไม่ทัน งานเยอะมาก ควรให้พักบ้างระหว่างเรียน",999,negative,"2024-07-31 15:40:42","2024-07-31 15:40:42"
77,"อยากให้อาจารย์เตียมความพร้อมในการเตรียมการเรียนการสอน พวกเเอปพลิดคชั่นต่างๆ รวมๆสอนดีเป็นกันเองกับเด็ก",85.71,positive,"2024-07-31 15:40:42","2024-07-31 15:40:42"
78,อยากให้อาจารย์ปรับการให้การบ้านนักศึกษาเพราะบาวคนอาจไม่มีคอมไม่มีโปรแกรมบางคนทำงานหาค่าเทอมเองอยสกให้เข้าใจและสั่งงานน้อยบงหน่อยค่ะ,66.67,positive,"2024-07-31 15:40:42","2024-07-31 15:40:42"
79,"ด้วยรูปแบบการเรียนการสอนออนไลน์ บางส่วนนักศึกษาไม่มีความพร้อมหรือความสามารถในการทำงานเช่นเรื่องทุนศัพท์ในการซื้อโปรแกรมหรืออุปกรณ์การเรียน อยากให้อาจารย์ปรับเนื้อหาการสอนให้เหมาะสมกับตัวนักศึกษาด้วยค่ะ",66.67,positive,"2024-07-31 15:40:42","2024-07-31 15:40:42"
80,"ตรงๆเลยนะคะ จริงๆแล้วอาจารย์ควรจะปรับปรุงการสอนให้สอดคล้องกับสถานการณ์แล้วไม่ใช่เด็กทุกคนเรียนคอมแล้วต้องมีแอปนู้นแอปนี้นะคะ หนูเสียเงิน1000กว่าบอกเพื่อซื้อแอปมาทำงานและหนูใช้ครั้งเดียวแล้วไม่เกี่ยวกับสายงานหนูด้วยค่ะ อยากให้อาจารย์เอาตรงนี้ไปปรับปรุงตรวจสอบนักศึกษาให้เข้าใจ การเรียนแบบนี้ควรเรียนที่มหาลัยค่ะ การหาแอปการเรียนการสอนไม่ใช้เรื่องของนักศึกษาที่ต้องรับผิดชอบแต่เป็นเป็นมหาลัยที่ต้องจัดการและตัวอาจารย์เอง ขอบคุณค่ะ",80,positive,"2024-07-31 15:40:42","2024-07-31 15:40:42"
81,"อาจารย์สอนอะไรเยอะแยะเลย ปรับใช้ได้จริง",66.67,positive,"2024-07-31 15:40:42","2024-07-31 15:40:42"
82,"สอนดีมากครับ แต่อยากให้ปรับเนื้อหาให้เข้าใจครับแต่โดยดีมากๆครับ",90.91,positive,"2024-07-31 15:40:42","2024-07-31 15:40:42"
83,อาจารย์พูดเร็วไปหน่อย,999,negative,"2024-07-31 15:40:42","2024-07-31 15:40:42"
84,"อาจารย์ต้องขอ License Adobe มาให้ได้นะจารย์เนื้อหาที่ผมคาดหวังจริงๆ คือ Photoshop Premier Pro นะเอาจริงๆ 5555+ ตั้งแต่งาน 3D ไปเริ่มไม่ค่อยสนุกละครับ Photopea อยากให้เพิ่มเนื้อหาสอนทำ Timeline ทำอนิเมชั่นใน Photopea แล้วก็อยากให้เน้นไปที่ตัดรูปเอาสักสองคาบนั่งฝึกใช้ Tools ตัดรูปแล้วจบท้ายด้วยทำโปสเตอร์หนังก็ได้ครับ น่าสนุกดีครับ ผมเคยเรียนที่โรงเรียนสนุกมากเลยเพิ่มเนื้อหาการลบริ้วรอยบนหน้าด้วย clone stamp อันนี้ทีเด็ดท้าทายมาก สนุกมากด้วย",94.74,positive,"2024-07-31 15:40:42","2024-07-31 15:40:42"
85,"อาจารย์สอนดี ใจดีมากค่ะ สามารถถามได้ตลอด แต่แอบบไปเร็วมาก",999,negative,"2024-07-31 15:40:42","2024-07-31 15:40:42"
86,"ไม่เคยเรียนกับคนนี้ครับ พอใช้ทั้งหมดละกัน ถือว่าไม่รู้อะไรเลย ไม่มาสอนไม่เคยเรีบนด้วย",66.67,negative,"2024-07-31 15:40:42","2024-07-31 15:40:42"
87,อ.ควรปิดไมค์ในขณะที่ให้ผู้เรียนทำแบบทดสอบต่างๆ,0,neutral,"2024-07-31 15:40:42","2024-07-31 15:40:42"
88,"อาจารย์ควรปิดไมค์ตอนทำแบบทดสอบ เพราะจะรบกวนสมาธิผู้เรียน",0,neutral,"2024-07-31 15:40:42","2024-07-31 15:40:42"
89,"อาจารย์สอนเข้าใจง่ายดีค่ะ แต่บางทีก็ดูลายมืออาจารย์ไม่ออก5555",75,positive,"2024-07-31 15:40:42","2024-07-31 15:40:42"
90,"อาจารย์สอนเร็วมากค่ะ ไม่ค่อยเข้าใจต้องไปศึกษาหาความรู้ต่อด้วยตัวเอง",999,negative,"2024-07-31 15:40:42","2024-07-31 15:40:42"
91,"แนะนำให้ทำการสื่อสารให้นิสิตเข้าใจในเนื้อหามากกว่านี้ เช่น การพูดที่ไม่ยาวมากแต่กระชับชัดเจน",88.89,positive,"2024-07-31 15:40:42","2024-07-31 15:40:42"
92,เตรียมสื่อการสอนไว้ด้วย,999,negative,"2024-07-31 15:40:42","2024-07-31 15:40:42"
93,"มีบางจุดที่อาจารย์สอนไปเร็วมากๆ ตามเนื้อหาไม่ค่อยทัน",999,negative,"2024-07-31 15:40:42","2024-07-31 15:40:42"
94,สอนเร็ว,999,negative,"2024-07-31 15:40:42","2024-07-31 15:40:42"
95,สอนดีค่ะ,75,positive,"2024-07-31 15:40:42","2024-07-31 15:40:42"
96,อาจารย์แร็ปสอนค่ะไม่รู้ว่ารีบไปไหนแต่ว่าไม่ทันอาจารย์ก็จะทวนแต่ก็ไม่ทันอยู่ดีมาเรียนเหมือนมานั่งดูเดอะแร็ปเปอร์แต่อาจารย์ให้โอกาสที่ดีค่ะส่งงานช้าก็ให้คะแนนเหมือนเดิม,85.71,negative,"2024-07-31 15:40:42","2024-07-31 15:40:42"
97,ดีย์,0,neutral,"2024-07-31 15:40:42","2024-07-31 15:40:42"
98,"สั่งการบ้าน โดยบอกว่าจะนำโจทย์ขึ้น classroom แต่ไม่ได้เอาลงไว้ให้ และยังให้ส่ง",999,negative,"2024-07-31 15:40:42","2024-07-31 15:40:42"
99,แอร์ที่ห้องหนาวจริงๆค่ะ,0,neutral,"2024-07-31 15:40:42","2024-07-31 15:40:42"
100,"ควรเข้าสอนให้ตรงเวลา เวลาสอนไม่ควรยืดเยื้อเกินไป",66.67,positive,"2024-07-31 15:40:42","2024-07-31 15:40:42"
101,"เกรดไม่ยุติธรรม ไปทุกวันจันทร์ ตรงเวลา ไม่เคยขาดเรียน น่าจะมีคะแนนจิตพิสัย ได้สักเกรด B+ เกรด B เป็นอย่างน้อย แต่ได้ C+ ฉุดเกรดทั้งหมดมากๆ วิชานี้พยายามตั้งใจที่สุดแล้ว อาจจะมีคุยบ้างถามเพื่อนข้างๆบ้าง แต่ ครูน่าจะให้เกรด ความพยายามมาเรียนและส่งงานใน ชั่วโมง ทุกครั้ง มากกว่าคะแนนสอบ (คะแนนสอบไม่ตกด้วย)",66.67,positive,"2024-07-31 15:40:42","2024-07-31 15:40:42"
102,"เวลาที่นักศึกษาถามปัญหาเรื่อง code มัน bug ช่วยกรุณาตอบให้ชัดเจนทีครับบางทีถามไปเป็นสิบบรรทัดแต่อาจารย์กลับส่งสติกเกอร์มาตัวเดียวคืออะไรหรอครับ แล้วเวลานักศึกษาถามมากๆมันก็เป็นการที่ดีไม่ใช่หรอครับไมใช่ถอนหายใจใส่นักศึกษาครับ",0,neutral,"2024-07-31 15:40:42","2024-07-31 15:40:42"
103,อาจารย์ควรพักนะครับ,0,neutral,"2024-07-31 15:40:42","2024-07-31 15:40:42"
104,ขอให้อ.ดูแลสุขภาพด้วยนะคะ,66.67,positive,"2024-07-31 15:40:42","2024-07-31 15:40:42"
105,"เนื้อหาที่สอนสามารถนำมาประยุกต์ใช้ได้จริง วิชามันยาก แต่อาจารย์พยายามหาเทคนิคการจำให้เราง่ายๆ ขอบคุณค้าาาาาาาาา",0,neutral,"2024-07-31 15:40:42","2024-07-31 15:40:42"
106,"อยากให้มีเรียนออนไลน์ในวันที่สภาพอากาศไม่ดี งับ <3",80,negative,"2024-07-31 15:40:42","2024-07-31 15:40:42"
107,"ถ้าอาจารย์ให้เช็คคะแนนเองว่าอาจารย์กรอกครบไหม อาจารย์น่าจะแจ้งวันตัดเกรดด้วยนะคะหนูจะได้ลางานมารีบเช็ครีบแจ้งก่อนวันตัดเกรด ขอบคุณค่ะ^^",90,positive,"2024-07-31 15:40:42","2024-07-31 15:40:42"
108,"อยากให้เอกสารประกอบการสอนเป็นภาษาไทยให้อ่านเข้าใจง่าย และอยากให้สั่งงานกลุ่มให้ตรงกับเรื่องที่สอน",66.67,positive,"2024-07-31 15:40:42","2024-07-31 15:40:42"
109,บางครั้งสอนไวไปค่ะตามไม่ค่อยทัน,999,negative,"2024-07-31 15:40:42","2024-07-31 15:40:42"
110,อยากได้พัดลม,66.67,positive,"2024-07-31 15:40:42","2024-07-31 15:40:42"
111,อาจารย์ให้คำแนะนำดีค่ะ,66.67,positive,"2024-07-31 15:40:42","2024-07-31 15:40:42"
112,"ทีหลังช่วยสอนmath random ก่อนสอบด้วยครับแล้วก็เรื่องData base เรื่องการดึงข้อมูลในdataมาใช้ จารย์ไม่สอนผมก็ทำโปรเจคที่จารย์สั่งไม่ได้คะแนนผมก็หายสิครับแบบนี้ จารย์สั่งให้ทำเกินที่สอนไปหน่อยครับ แต่เรื่องที่สอนในห้องสอนเข้าใจ ถ้าจารย์สอนผมมั่นใจว่าพวกผมทำได้ เทอมนี้ขอบคุณมากครับ",88.89,positive,"2024-07-31 15:40:42","2024-07-31 15:40:42"
113,อาจารย์สอนดีมากครับ,83.33,positive,"2024-07-31 15:40:42","2024-07-31 15:40:42"
114,"ลายมือมีความอ่านยากครับ ขออ่านง่ายกว่านี้อีกนิดนึง",60,negative,"2024-07-31 15:40:42","2024-07-31 15:40:42"
115,"บันทึกสไลด์หลังจากการสอนเสร็จด้วยครับ ขอบคุณครับ",75,positive,"2024-07-31 15:40:42","2024-07-31 15:40:42"
116,ปานกลาง,0,neutral,"2024-07-31 15:40:42","2024-07-31 15:40:42"
117,อยากให้อาจารย์สนใจในการตรวจการบ้านหน่อยคับแล้วอยากได้ช่องทางการติดต่ออาจารย์ด้วยคับ,85.71,positive,"2024-07-31 15:40:42","2024-07-31 15:40:42"
118,"ไม่บอกแนวข้อสอบ เนื้อหาไม่เข้าใจ เหมือนอ่านให้ฟัง ผมไม่นับว่าเป็นการสอน เป็นการเล่าสู่กันฟัง",75,negative,"2024-07-31 15:40:42","2024-07-31 15:40:42"
119,"อาจารย์?ใจดีเป็นกันเอง สอนเข้าใจง่าย",88.89,positive,"2024-07-31 15:40:42","2024-07-31 15:40:42"
120,"ควรแจ้งอะไรล่วงหน้ามากกว่านี้ ไม่ใช่เรียน8โมง แจ้งยกคลาสตอน7โมง นักศึกษาบางคนตื่นแต่เช้าเพื่อเดินทางมามหาวิทยาลัยแต่ต้องกลับไปบ้านเพราะอาจารย์ยกคลาส",0,neutral,"2024-07-31 15:40:42","2024-07-31 15:40:42"
121,อาจารย์สอนสนุกมากครับ,66.67,positive,"2024-07-31 15:40:42","2024-07-31 15:40:42"
122,ควรบอกแนวข้อสอบนักศึกษาค่ะ,0,neutral,"2024-07-31 15:40:42","2024-07-31 15:40:42"
123,"อาจารย์สอนดีมากครับ ได้รับความรู้ใหม่และเทคนิคต่างๆสามารถนำมาปรับใช้ในการประกอบอาชีพและโครงานได้เยอะเลยครับ",90.91,positive,"2024-07-31 15:40:42","2024-07-31 15:40:42"
124,ควรบอกแนวข้อสอบนักศึกษาค่ะ,0,neutral,"2024-07-31 15:40:42","2024-07-31 15:40:42"
125,"อยากให้อาจารย์ แปลอังกฤษให้ด้วยค่ะ บางทีมัน งงๆ",66.67,negative,"2024-07-31 15:40:42","2024-07-31 15:40:42"
126,ดีมากครับ,83.33,positive,"2024-07-31 15:40:42","2024-07-31 15:40:42"
127,"อาจารย์สอนเก่งมากค้าบบบ นศ เลย อยากตั้งใจเรียนไปด้วย",85.71,positive,"2024-07-31 15:40:42","2024-07-31 15:40:42"
128,"อยากให้อาจารย์เตรียมการสอน และทำสไลด์ให้ดูเข้าใจง่ายกว่านี้คะ หนูรู้สึกว่าอาจารย์สอนแล้วรู้สึกไม่มั่นใจในคำตอบเลยทำให้ตอนเรียนหนูไม่ค่อยเข้าใจว่าทำแบบนี้ถูกไหม คำตอบถูกหรือยังคะ และหนูก็คิดว่าสิ่งที่อาจารย์สอนมันดูเข้าใจง่ายก็จริงแต่ตอนอธิบายมันทำให้หนูรู้สึกขัดแย้งนิดนึงคะ อยากให้อาจารย์ปรับเรื่องนี้ด้วยคะ ขอบคุณค่ะ :):):):):):):):):):):):):):):):):):)",100,positive,"2024-07-31 15:40:42","2024-07-31 15:40:42"
129,"อาจารย์บางทีเตรียมพร้อมเนื้อหามาสอนยังไม่ค่อยดี ทำให้นักศึกษาไม่ค่อยเข้าใจ และเรื่องเวลาอาจารเข้าสอนช้าบ่อย แต่อาจารย์เอาใจใส่เด็กมากๆ ใจดี และให้คำปรึกษาดี เข้ากับเด็กง่าย. เป็นกันเอง",66.67,positive,"2024-07-31 15:40:42","2024-07-31 15:40:42"
130,ปานกลาง,0,neutral,"2024-07-31 15:40:42","2024-07-31 15:40:42"
